animations\cutscenes\additional\cs_generic_teleport\cs_generic_teleport.w2cutscene|dlc\dlcnewreplacers\data\cutscenes\woman_retarget\1.cs_generic_teleport.w2cutscene
animations\cutscenes\additional\cs_generic_teleport\cs_generic_teleport_no_fx.w2cutscene|dlc\dlcnewreplacers\data\cutscenes\woman_retarget\2.cs_generic_teleport_no_fx.w2cutscene
animations\cutscenes\additional\cs_leaving_horse\cs_leaving_horse.w2cutscene|dlc\dlcnewreplacers\data\cutscenes\woman_retarget\3.cs_leaving_horse.w2cutscene
animations\cutscenes\epilogue\q503_ciri_dead\cs503_geralts_departure\cs503_geralt_departure.w2cutscene|dlc\dlcnewreplacers\data\cutscenes\woman_retarget\4.cs503_geralt_departure.w2cutscene
animations\cutscenes\epilogue\q503_ciri_dead\cs503_witcher_on_swamps\cs503_witcher_on_swamps.w2cutscene|dlc\dlcnewreplacers\data\cutscenes\woman_retarget\5.cs503_witcher_on_swamps.w2cutscene
animations\cutscenes\epilogue\q504_ciri_empress\cs504_ciri_goes_home\cs504_ciri_goes_home_p1.w2cutscene|dlc\dlcnewreplacers\data\cutscenes\woman_retarget\6.cs504_ciri_goes_home_p1.w2cutscene
animations\cutscenes\epilogue\q504_ciri_empress\cs504_ciri_goes_home\cs504_ciri_goes_home_p2.w2cutscene|dlc\dlcnewreplacers\data\cutscenes\woman_retarget\7.cs504_ciri_goes_home_p2.w2cutscene
animations\cutscenes\epilogue\q504_ciri_empress\cs504_piggyback_ride\cs504_piggyback_ride.w2cutscene|dlc\dlcnewreplacers\data\cutscenes\woman_retarget\8.cs504_piggyback_ride.w2cutscene
animations\cutscenes\kaer_morhen\q401_konsylium\cs401_give_take\cs401_give_take.w2cutscene|dlc\dlcnewreplacers\data\cutscenes\woman_retarget\9.cs401_give_take.w2cutscene
animations\cutscenes\kaer_morhen\q401_konsylium\cs401_interception_pt1\cs401_interception_pt1.w2cutscene|dlc\dlcnewreplacers\data\cutscenes\woman_retarget\10.cs401_interception_pt1.w2cutscene
animations\cutscenes\kaer_morhen\q401_konsylium\cs401_interception_pt2\cs401_interception_pt2.w2cutscene|dlc\dlcnewreplacers\data\cutscenes\woman_retarget\11.cs401_interception_pt2.w2cutscene
animations\cutscenes\kaer_morhen\q401_konsylium\cs401_km_uma_intro\cs401_km_uma_intro.w2cutscene|dlc\dlcnewreplacers\data\cutscenes\woman_retarget\12.cs401_km_uma_intro.w2cutscene
animations\cutscenes\kaer_morhen\q401_konsylium\cs401_sex_with_yennefer\cs401_sex_with_yennefer_1.w2cutscene|dlc\dlcnewreplacers\data\cutscenes\woman_retarget\13.cs401_sex_with_yennefer_1.w2cutscene
animations\cutscenes\kaer_morhen\q401_konsylium\cs401_sex_with_yennefer\cs401_sex_with_yennefer_3.w2cutscene|dlc\dlcnewreplacers\data\cutscenes\woman_retarget\14.cs401_sex_with_yennefer_3.w2cutscene
animations\cutscenes\kaer_morhen\q401_konsylium\cs401_sex_with_yennefer\cs401_sex_with_yennefer_3_a.w2cutscene|dlc\dlcnewreplacers\data\cutscenes\woman_retarget\15.cs401_sex_with_yennefer_3_a.w2cutscene
animations\cutscenes\kaer_morhen\q401_konsylium\cs401_sex_with_yennefer\cs401_sex_with_yennefer_3_b.w2cutscene|dlc\dlcnewreplacers\data\cutscenes\woman_retarget\16.cs401_sex_with_yennefer_3_b.w2cutscene
animations\cutscenes\kaer_morhen\q401_konsylium\cs401_sex_with_yennefer\cs401_sex_with_yennefer_5.w2cutscene|dlc\dlcnewreplacers\data\cutscenes\woman_retarget\17.cs401_sex_with_yennefer_5.w2cutscene
animations\cutscenes\kaer_morhen\q401_konsylium\cs401_uma_changes_into_avallach\cs401_uma_changes_into_avallach.w2cutscene|dlc\dlcnewreplacers\data\cutscenes\woman_retarget\18.cs401_uma_changes_into_avallach.w2cutscene
animations\cutscenes\kaer_morhen\q402_ciri\cs402_ciri_welcome\cs402_ciri_welcome.w2cutscene|dlc\dlcnewreplacers\data\cutscenes\woman_retarget\19.cs402_ciri_welcome.w2cutscene
animations\cutscenes\kaer_morhen\q402_ciri\cs402_entering_mist_island\cs402_entering_mist_island.w2cutscene|dlc\dlcnewreplacers\data\cutscenes\woman_retarget\20.cs402_entering_mist_island.w2cutscene
animations\cutscenes\kaer_morhen\q402_ciri\cs402_mist_island\cs402_mist_island.w2cutscene|dlc\dlcnewreplacers\data\cutscenes\woman_retarget\21.cs402_mist_island.w2cutscene
animations\cutscenes\kaer_morhen\q402_ciri\cs402_teleport_to_km\cs402_teleport_to_km.w2cutscene|dlc\dlcnewreplacers\data\cutscenes\woman_retarget\22.cs402_teleport_to_km.w2cutscene
animations\cutscenes\kaer_morhen\q403_battle\cs403_finale\cs403_finale_p1.w2cutscene|dlc\dlcnewreplacers\data\cutscenes\woman_retarget\23.cs403_finale_p1.w2cutscene
animations\cutscenes\kaer_morhen\q403_battle\cs403_finale\cs403_finale_unfreeze.w2cutscene|dlc\dlcnewreplacers\data\cutscenes\woman_retarget\24.cs403_finale_unfreeze.w2cutscene
animations\cutscenes\kaer_morhen\q403_battle\cs403_finale\cs403_finale_unfreeze_without_lambert.w2cutscene|dlc\dlcnewreplacers\data\cutscenes\woman_retarget\25.cs403_finale_unfreeze_without_lambert.w2cutscene
animations\cutscenes\kaer_morhen\q403_battle\cs403_finale\cs403_finale_sword\cs403_finale_sword.w2cutscene|dlc\dlcnewreplacers\data\cutscenes\woman_retarget\26.cs403_finale_sword.w2cutscene
animations\cutscenes\kaer_morhen\q403_battle\cs403_gameplay_keira_saves_lambert\cs403_gameplay_keira_saves_lambert.w2cutscene|dlc\dlcnewreplacers\data\cutscenes\woman_retarget\27.cs403_gameplay_keira_saves_lambert.w2cutscene
animations\cutscenes\kaer_morhen\q403_battle\cs403_signal\cs403_signal.w2cutscene|dlc\dlcnewreplacers\data\cutscenes\woman_retarget\28.cs403_signal.w2cutscene
animations\cutscenes\kaer_morhen\q403_battle\cs403_teleport\cs403_teleport.w2cutscene|dlc\dlcnewreplacers\data\cutscenes\woman_retarget\29.cs403_teleport.w2cutscene
animations\cutscenes\kaer_morhen\q403_battle\cs403_triss_spell_p2\cs403_triss_spell_p2.w2cutscene|dlc\dlcnewreplacers\data\cutscenes\woman_retarget\30.cs403_triss_spell_p2.w2cutscene
animations\cutscenes\kaer_morhen\q403_battle\cs403_triss_spell_p2\cs403_triss_spell_p2_letho.w2cutscene|dlc\dlcnewreplacers\data\cutscenes\woman_retarget\31.cs403_triss_spell_p2_letho.w2cutscene
animations\cutscenes\kaer_morhen\q403_battle\cs403_vesemir_and_balista\cs403_vesemir_and_balista.w2cutscene|dlc\dlcnewreplacers\data\cutscenes\woman_retarget\32.cs403_vesemir_and_balista.w2cutscene
animations\cutscenes\kaer_morhen\q403_battle\cs403_vesemir_burial\cs403_vesemir_burial.w2cutscene|dlc\dlcnewreplacers\data\cutscenes\woman_retarget\33.cs403_vesemir_burial.w2cutscene
animations\cutscenes\kaer_morhen\q403_battle\cs403_vesemir_burial\cs403_vesemir_burial_with_lambert.w2cutscene|dlc\dlcnewreplacers\data\cutscenes\woman_retarget\34.cs403_vesemir_burial_with_lambert.w2cutscene
animations\cutscenes\kaer_morhen\q403_battle\cs403_wildhunt_approaches\cs403_wild_hunt_approaches_p1.w2cutscene|dlc\dlcnewreplacers\data\cutscenes\woman_retarget\35.cs403_wild_hunt_approaches_p1.w2cutscene
animations\cutscenes\kaer_morhen\q403_battle\cs403_wildhunt_approaches\cs403_wild_hunt_approaches_p2.w2cutscene|dlc\dlcnewreplacers\data\cutscenes\woman_retarget\36.cs403_wild_hunt_approaches_p2.w2cutscene
animations\cutscenes\kaer_morhen\q403_battle\cs403_wildhunt_approaches\cs403_wild_hunt_approaches_p3.w2cutscene|dlc\dlcnewreplacers\data\cutscenes\woman_retarget\37.cs403_wild_hunt_approaches_p3.w2cutscene
animations\cutscenes\kaer_morhen\q403_battle\cs403_wildhunt_approaches\cs403_wild_hunt_approaches_p3_no_letho.w2cutscene|dlc\dlcnewreplacers\data\cutscenes\woman_retarget\38.cs403_wild_hunt_approaches_p3_no_letho.w2cutscene
animations\cutscenes\kaer_morhen\q403_battle\cs403_wildhunt_approaches\cs403_wild_hunt_approaches_p4.w2cutscene|dlc\dlcnewreplacers\data\cutscenes\woman_retarget\39.cs403_wild_hunt_approaches_p4.w2cutscene
animations\cutscenes\kaer_morhen\q403_battle\cs403_wildhunt_approaches\cs403_wild_hunt_approaches_p4_long.w2cutscene|dlc\dlcnewreplacers\data\cutscenes\woman_retarget\40.cs403_wild_hunt_approaches_p4_long.w2cutscene
animations\cutscenes\novigrad\mq3035_radovid_dies\cs3035_radovid_dies\cs3035_radovid_dies.w2cutscene|dlc\dlcnewreplacers\data\cutscenes\woman_retarget\41.cs3035_radovid_dies.w2cutscene
animations\cutscenes\novigrad\mq3035_radovid_dies\cs3035_radovid_dies\cs3035_radovid_dies_no_ves.w2cutscene|dlc\dlcnewreplacers\data\cutscenes\woman_retarget\42.cs3035_radovid_dies_no_ves.w2cutscene
animations\cutscenes\novigrad\q301_dreamer\cs301_dandelion_zoltan_intro\cs301_dandelion_zoltan_intro.w2cutscene|dlc\dlcnewreplacers\data\cutscenes\woman_retarget\43.cs301_dandelion_zoltan_intro.w2cutscene
animations\cutscenes\novigrad\q301_dreamer\cs301_dreamer_nightmare\cs301_dreamer_nightmare.w2cutscene|dlc\dlcnewreplacers\data\cutscenes\woman_retarget\44.cs301_dreamer_nightmare.w2cutscene
animations\cutscenes\novigrad\q301_dreamer\cs301_dream_ciri_and_jaskier\cs301_dream_ciri_and_jaskier1.w2cutscene|dlc\dlcnewreplacers\data\cutscenes\woman_retarget\45.cs301_dream_ciri_and_jaskier1.w2cutscene
animations\cutscenes\novigrad\q301_dreamer\cs301_dream_ciri_and_jaskier\cs301_dream_ciri_and_jaskier4.w2cutscene|dlc\dlcnewreplacers\data\cutscenes\woman_retarget\46.cs301_dream_ciri_and_jaskier4.w2cutscene
animations\cutscenes\novigrad\q301_dreamer\cs301_novigrad_opening\cs301_novigrad_opening.w2cutscene|dlc\dlcnewreplacers\data\cutscenes\woman_retarget\47.cs301_novigrad_opening.w2cutscene
animations\cutscenes\novigrad\q301_dreamer\cs301_package_transfer\cs301_package_transfer.w2cutscene|dlc\dlcnewreplacers\data\cutscenes\woman_retarget\48.cs301_package_transfer.w2cutscene
animations\cutscenes\novigrad\q301_dreamer\cs301_pickpocketing\cs301_pickpocketing.w2cutscene|dlc\dlcnewreplacers\data\cutscenes\woman_retarget\49.cs301_pickpocketing.w2cutscene
animations\cutscenes\novigrad\q302_mafia\cs302_radovid\cs302_radovid.w2cutscene|dlc\dlcnewreplacers\data\cutscenes\woman_retarget\50.cs302_radovid.w2cutscene
animations\cutscenes\novigrad\q303_treasure\cs303_dijkstra_opening_vault\cs303_dijkstra_opening_vault.w2cutscene|dlc\dlcnewreplacers\data\cutscenes\woman_retarget\51.cs303_dijkstra_opening_vault.w2cutscene
animations\cutscenes\novigrad\q303_treasure\cs303_triss_kills_menge\cs303_triss_kills_menge.w2cutscene|dlc\dlcnewreplacers\data\cutscenes\woman_retarget\52.cs303_triss_kills_menge.w2cutscene
animations\cutscenes\novigrad\q304_dandelion\cs304_arrival_louise\cs304_arrival_louise.w2cutscene|dlc\dlcnewreplacers\data\cutscenes\woman_retarget\53.cs304_arrival_louise.w2cutscene
animations\cutscenes\novigrad\q304_dandelion\cs304_arrival_no_louise\cs304_arrival_no_louise.w2cutscene|dlc\dlcnewreplacers\data\cutscenes\woman_retarget\54.cs304_arrival_no_louise.w2cutscene
animations\cutscenes\novigrad\q304_dandelion\cs304_departure_louise\cs304_departure_louise.w2cutscene|dlc\dlcnewreplacers\data\cutscenes\woman_retarget\55.cs304_departure_louise.w2cutscene
animations\cutscenes\novigrad\q304_dandelion\cs304_departure_no_louise\cs304_departure_no_louise.w2cutscene|dlc\dlcnewreplacers\data\cutscenes\woman_retarget\56.cs304_departure_no_louise.w2cutscene
animations\cutscenes\novigrad\q305_blanka\cs305_blanka_on_stage\cs305_blanka_on_stage.w2cutscene|dlc\dlcnewreplacers\data\cutscenes\woman_retarget\57.cs305_blanka_on_stage.w2cutscene
animations\cutscenes\novigrad\q305_blanka\cs305_convoy_in_ambush_pt1\cs305_convoy_in_ambush_pt1.w2cutscene|dlc\dlcnewreplacers\data\cutscenes\woman_retarget\58.cs305_convoy_in_ambush_pt1.w2cutscene
animations\cutscenes\novigrad\q305_blanka\cs305_rescue_dandelion\cs305_rescue_dandelion.w2cutscene|dlc\dlcnewreplacers\data\cutscenes\woman_retarget\59.cs305_rescue_dandelion.w2cutscene
animations\cutscenes\novigrad\q309_casablanca\cs309_sex_with_triss\cs309_sex_with_triss.w2cutscene|dlc\dlcnewreplacers\data\cutscenes\woman_retarget\60.cs309_sex_with_triss.w2cutscene
animations\cutscenes\novigrad\q309_casablanca\cs309_sex_with_triss\cs309_sex_with_triss_jp.w2cutscene|dlc\dlcnewreplacers\data\cutscenes\woman_retarget\61.cs309_sex_with_triss_jp.w2cutscene
animations\cutscenes\novigrad\q309_casablanca\cs309_triss_leaves\cs309_triss_leaves.w2cutscene|dlc\dlcnewreplacers\data\cutscenes\woman_retarget\62.cs309_triss_leaves.w2cutscene
animations\cutscenes\novigrad\q310_pregeels\cs310_bringing_down_philippa\cs310_bringing_down_philippa.w2cutscene|dlc\dlcnewreplacers\data\cutscenes\woman_retarget\63.cs310_bringing_down_philippa.w2cutscene
animations\cutscenes\novigrad\q310_pregeels\cs310_dijkstras_other_leg\cs310_dijkstras_other_leg.w2cutscene|dlc\dlcnewreplacers\data\cutscenes\woman_retarget\64.cs310_dijkstras_other_leg.w2cutscene
animations\cutscenes\novigrad\q310_pregeels\cs310_jugglers\cs310_jugglers.w2cutscene|dlc\dlcnewreplacers\data\cutscenes\woman_retarget\65.cs310_jugglers.w2cutscene
animations\cutscenes\novigrad\q310_pregeels\cs310_stealing_horses\cs310_stealing_horses.w2cutscene|dlc\dlcnewreplacers\data\cutscenes\woman_retarget\66.cs310_stealing_horses.w2cutscene
animations\cutscenes\novigrad\q310_pregeels\cs310_triss_yennefer_payback\cs310_triss_yennefer_payback.w2cutscene|dlc\dlcnewreplacers\data\cutscenes\woman_retarget\67.cs310_triss_yennefer_payback.w2cutscene
animations\cutscenes\novigrad\q311_geels\cs311_geels_dreams\cs311_geels_dreams.w2cutscene|dlc\dlcnewreplacers\data\cutscenes\woman_retarget\68.cs311_geels_dreams.w2cutscene
animations\cutscenes\novigrad\sq301_triss_merigold\cs_sq301_departure_triss\cs_sq301_departure_triss.w2cutscene|dlc\dlcnewreplacers\data\cutscenes\woman_retarget\69.cs_sq301_departure_triss.w2cutscene
animations\cutscenes\novigrad\sq301_triss_merigold\cs_sq301_geralt_triss_kiss\cs_sq301_geralt_triss_kiss.w2cutscene|dlc\dlcnewreplacers\data\cutscenes\woman_retarget\70.cs_sq301_geralt_triss_kiss.w2cutscene
animations\cutscenes\novigrad\sq301_triss_merigold\cs_sq301_geralt_triss_kiss\cs_sq301_geralt_triss_kiss_choice_kiss.w2cutscene|dlc\dlcnewreplacers\data\cutscenes\woman_retarget\71.cs_sq301_geralt_triss_kiss_choice_kiss.w2cutscene
animations\cutscenes\novigrad\sq301_triss_merigold\cs_sq301_geralt_triss_kiss\cs_sq301_geralt_triss_kiss_choice_loop.w2cutscene|dlc\dlcnewreplacers\data\cutscenes\woman_retarget\72.cs_sq301_geralt_triss_kiss_choice_loop.w2cutscene
animations\cutscenes\novigrad\sq301_triss_merigold\cs_sq301_geralt_triss_kiss\cs_sq301_geralt_triss_kiss_choice_no_kiss.w2cutscene|dlc\dlcnewreplacers\data\cutscenes\woman_retarget\73.cs_sq301_geralt_triss_kiss_choice_no_kiss.w2cutscene
animations\cutscenes\novigrad\sq306_maverick\sq306_sex_with_sacha_do.w2cutscene|dlc\dlcnewreplacers\data\cutscenes\woman_retarget\74.sq306_sex_with_sacha_do.w2cutscene
animations\cutscenes\novigrad\sq306_maverick\sq306_sex_with_sacha_do_jp.w2cutscene|dlc\dlcnewreplacers\data\cutscenes\woman_retarget\75.sq306_sex_with_sacha_do_jp.w2cutscene
animations\cutscenes\no_mans_land\mq1060_devils_pit\cs_mq1060_03c_split.w2cutscene|dlc\dlcnewreplacers\data\cutscenes\woman_retarget\76.cs_mq1060_03c_split.w2cutscene
animations\cutscenes\no_mans_land\q101_agent\cs101_arrives_in_nml\cs101_arrives_in_nml.w2cutscene|dlc\dlcnewreplacers\data\cutscenes\woman_retarget\77.cs101_arrives_in_nml.w2cutscene
animations\cutscenes\no_mans_land\q101_agent\cs101_wild_hunt_burns_village\cs101_wildhunt_burns_village_p2.w2cutscene|dlc\dlcnewreplacers\data\cutscenes\woman_retarget\78.cs101_wildhunt_burns_village_p2.w2cutscene
animations\cutscenes\no_mans_land\q103_daughter\cs103_baron_digs_grave\cs103_baron_digs_grave.w2cutscene|dlc\dlcnewreplacers\data\cutscenes\woman_retarget\79.cs103_baron_digs_grave.w2cutscene
animations\cutscenes\no_mans_land\q103_daughter\cs103_baron_fistfight\cs103_baron_fistfight.w2cutscene|dlc\dlcnewreplacers\data\cutscenes\woman_retarget\80.cs103_baron_fistfight.w2cutscene
animations\cutscenes\no_mans_land\q103_daughter\cs103_guslar_prophecy\cs103_guslar_prophecy.w2cutscene|dlc\dlcnewreplacers\data\cutscenes\woman_retarget\81.cs103_guslar_prophecy.w2cutscene
animations\cutscenes\no_mans_land\q103_daughter\cs103_horse_drinks_blood\cs103_horse_drinks_blood.w2cutscene|dlc\dlcnewreplacers\data\cutscenes\woman_retarget\82.cs103_horse_drinks_blood.w2cutscene
animations\cutscenes\no_mans_land\q103_daughter\cs103_introduction_of_uma\cs103_introduction_of_uma.w2cutscene|dlc\dlcnewreplacers\data\cutscenes\woman_retarget\83.cs103_introduction_of_uma.w2cutscene
animations\cutscenes\no_mans_land\q103_daughter\cs103_poroniec\cs103_poroniec_attack_choice.w2cutscene|dlc\dlcnewreplacers\data\cutscenes\woman_retarget\84.cs103_poroniec_attack_choice.w2cutscene
animations\cutscenes\no_mans_land\q103_daughter\cs103_poroniec\cs103_poroniec_choice.w2cutscene|dlc\dlcnewreplacers\data\cutscenes\woman_retarget\85.cs103_poroniec_choice.w2cutscene
animations\cutscenes\no_mans_land\q103_daughter\cs103_poroniec\cs103_poroniec_pickup_choice.w2cutscene|dlc\dlcnewreplacers\data\cutscenes\woman_retarget\86.cs103_poroniec_pickup_choice.w2cutscene
animations\cutscenes\no_mans_land\q103_daughter\cs103_poroniec\cs103_poroniec_shows_up.w2cutscene|dlc\dlcnewreplacers\data\cutscenes\woman_retarget\87.cs103_poroniec_shows_up.w2cutscene
animations\cutscenes\no_mans_land\q103_daughter\cs103_poroniec\cs103_poroniec_transforms.w2cutscene|dlc\dlcnewreplacers\data\cutscenes\woman_retarget\88.cs103_poroniec_transforms.w2cutscene
animations\cutscenes\no_mans_land\q104_keira\cs104_keira_bath\cs104_keira_bath.w2cutscene|dlc\dlcnewreplacers\data\cutscenes\woman_retarget\89.cs104_keira_bath.w2cutscene
animations\cutscenes\no_mans_land\q105_witches\cs105_geralt_meets_witch_sisters\cs105_geralt_meets_witch_sisters.w2cutscene|dlc\dlcnewreplacers\data\cutscenes\woman_retarget\90.cs105_geralt_meets_witch_sisters.w2cutscene
animations\cutscenes\no_mans_land\q105_witches\cs105_give_take\cs105_give_take.w2cutscene|dlc\dlcnewreplacers\data\cutscenes\woman_retarget\91.cs105_give_take.w2cutscene
animations\cutscenes\no_mans_land\q105_witches\cs105_shows_dagger\cs105_shows_dagger.w2cutscene|dlc\dlcnewreplacers\data\cutscenes\woman_retarget\92.cs105_shows_dagger.w2cutscene
animations\cutscenes\no_mans_land\q105_witches\cs105_sweets\cs105_sweets.w2cutscene|dlc\dlcnewreplacers\data\cutscenes\woman_retarget\93.cs105_sweets.w2cutscene
animations\cutscenes\no_mans_land\q105_witches\cs105_witches_final_standoff\cs105_witches_final_standoff.w2cutscene|dlc\dlcnewreplacers\data\cutscenes\woman_retarget\94.cs105_witches_final_standoff.w2cutscene
animations\cutscenes\no_mans_land\q106_tower\cs106_anabelle_kisses_graham\cs106_anabelle_kisses_graham.w2cutscene|dlc\dlcnewreplacers\data\cutscenes\woman_retarget\95.cs106_anabelle_kisses_graham.w2cutscene
animations\cutscenes\no_mans_land\q107_swamps\cs107_witch_normal\cs107_witch_normal.w2cutscene|dlc\dlcnewreplacers\data\cutscenes\woman_retarget\96.cs107_witch_normal.w2cutscene
animations\cutscenes\no_mans_land\q107_swamps\cs107_witch_village_burns\cs107_witch_village_burns.w2cutscene|dlc\dlcnewreplacers\data\cutscenes\woman_retarget\97.cs107_witch_village_burns.w2cutscene
animations\cutscenes\no_mans_land\q109_wrapup\cs109_geralt_destroys_wmd\cs109_geralt_destroys_wmd.w2cutscene|dlc\dlcnewreplacers\data\cutscenes\woman_retarget\98.cs109_geralt_destroys_wmd.w2cutscene
animations\cutscenes\no_mans_land\q110_pre_imlerith\cs110_accept_payment\cs110_accept_payment.w2cutscene|dlc\dlcnewreplacers\data\cutscenes\woman_retarget\99.cs110_accept_payment.w2cutscene
animations\cutscenes\no_mans_land\q110_pre_imlerith\cs110_after_snow_fight\cs110_after_snow_fight.w2cutscene|dlc\dlcnewreplacers\data\cutscenes\woman_retarget\100.cs110_after_snow_fight.w2cutscene
animations\cutscenes\no_mans_land\q110_pre_imlerith\cs110_after_snow_fight\cs110_after_snow_fight_pt1.w2cutscene|dlc\dlcnewreplacers\data\cutscenes\woman_retarget\101.cs110_after_snow_fight_pt1.w2cutscene
animations\cutscenes\no_mans_land\q110_pre_imlerith\cs110_after_snow_fight\cs110_after_snow_fight_pt2.w2cutscene|dlc\dlcnewreplacers\data\cutscenes\woman_retarget\102.cs110_after_snow_fight_pt2.w2cutscene
animations\cutscenes\no_mans_land\q110_pre_imlerith\cs110_geralt_and_ciri_drink\cs110_geralt_and_ciri_drink.w2cutscene|dlc\dlcnewreplacers\data\cutscenes\woman_retarget\103.cs110_geralt_and_ciri_drink.w2cutscene
animations\cutscenes\no_mans_land\q110_pre_imlerith\cs110_refuse_payment\cs110_refuse_payment.w2cutscene|dlc\dlcnewreplacers\data\cutscenes\woman_retarget\104.cs110_refuse_payment.w2cutscene
animations\cutscenes\no_mans_land\q110_pre_imlerith\cs110_snowy_ciri\cs110_snowy_ciri.w2cutscene|dlc\dlcnewreplacers\data\cutscenes\woman_retarget\105.cs110_snowy_ciri.w2cutscene
animations\cutscenes\no_mans_land\q111_imlerith\cs111_arrives_at_sabath\cs111_arrives_at_sabath_pt1.w2cutscene|dlc\dlcnewreplacers\data\cutscenes\woman_retarget\106.cs111_arrives_at_sabath_pt1.w2cutscene
animations\cutscenes\no_mans_land\q111_imlerith\cs111_arrives_at_sabath\cs111_arrives_at_sabath_pt2.w2cutscene|dlc\dlcnewreplacers\data\cutscenes\woman_retarget\107.cs111_arrives_at_sabath_pt2.w2cutscene
animations\cutscenes\no_mans_land\q111_imlerith\cs111_imlerith_dies\cs111_imlerith_dies.w2cutscene|dlc\dlcnewreplacers\data\cutscenes\woman_retarget\108.cs111_imlerith_dies.w2cutscene
animations\cutscenes\no_mans_land\q111_imlerith\cs111_welcome_imlerith\cs111_welcome_imlerith_p1.w2cutscene|dlc\dlcnewreplacers\data\cutscenes\woman_retarget\109.cs111_welcome_imlerith_p1.w2cutscene
animations\cutscenes\no_mans_land\sq101_keira\sq101_keira_sex_middle.w2cutscene|dlc\dlcnewreplacers\data\cutscenes\woman_retarget\110.sq101_keira_sex_middle.w2cutscene
animations\cutscenes\no_mans_land\sq101_keira\sq101_keira_sex_middle_jp.w2cutscene|dlc\dlcnewreplacers\data\cutscenes\woman_retarget\111.sq101_keira_sex_middle_jp.w2cutscene
animations\cutscenes\prologue\q001_beginning\cs001_geralt_and_yen\cs001_geralt_and_yen.w2cutscene|dlc\dlcnewreplacers\data\cutscenes\woman_retarget\112.cs001_geralt_and_yen.w2cutscene
animations\cutscenes\prologue\q001_beginning\cs001_griffin\cs001_griffin.w2cutscene|dlc\dlcnewreplacers\data\cutscenes\woman_retarget\113.cs001_griffin.w2cutscene
animations\cutscenes\prologue\q001_beginning\cs001_little_ciri_intro\cs001_little_ciri_intro.w2cutscene|dlc\dlcnewreplacers\data\cutscenes\woman_retarget\114.cs001_little_ciri_intro.w2cutscene
animations\cutscenes\prologue\q001_beginning\cs001_nightmare\cs001_nightmare.w2cutscene|dlc\dlcnewreplacers\data\cutscenes\woman_retarget\115.cs001_nightmare.w2cutscene
animations\cutscenes\prologue\q001_beginning\cs001_tavern_intro\cs001_tavern_intro.w2cutscene|dlc\dlcnewreplacers\data\cutscenes\woman_retarget\116.cs001_tavern_intro.w2cutscene
animations\cutscenes\prologue\q001_beginning\cs001_wake_up\cs001_wake_up.w2cutscene|dlc\dlcnewreplacers\data\cutscenes\woman_retarget\117.cs001_wake_up.w2cutscene
animations\cutscenes\prologue\q002_emhyr\cs002_geralt_washing_up\cs002_geralt_washing_up.w2cutscene|dlc\dlcnewreplacers\data\cutscenes\woman_retarget\118.cs002_geralt_washing_up.w2cutscene
animations\cutscenes\prologue\q002_emhyr\cs002_leaving_village\cs002_leaving_village.w2cutscene|dlc\dlcnewreplacers\data\cutscenes\woman_retarget\119.cs002_leaving_village.w2cutscene
animations\cutscenes\prologue\q002_emhyr\cs002_tavern_massacre\cs002_tavern_massacre.w2cutscene|dlc\dlcnewreplacers\data\cutscenes\woman_retarget\120.cs002_tavern_massacre.w2cutscene
animations\cutscenes\prologue\q002_emhyr\cs002_tavern_robbery\cs002_tavern_robbery.w2cutscene|dlc\dlcnewreplacers\data\cutscenes\woman_retarget\121.cs002_tavern_robbery.w2cutscene
animations\cutscenes\prologue\q002_emhyr\cs002_wild_hunt_chase\cs002_wild_hunt_chase_p1.w2cutscene|dlc\dlcnewreplacers\data\cutscenes\woman_retarget\122.cs002_wild_hunt_chase_p1.w2cutscene
animations\cutscenes\prologue\q002_emhyr\cs002_wild_hunt_chase\cs002_wild_hunt_chase_p2.w2cutscene|dlc\dlcnewreplacers\data\cutscenes\woman_retarget\123.cs002_wild_hunt_chase_p2.w2cutscene
animations\cutscenes\prologue\q002_emhyr\cs002_wild_hunt_chase\cs002_wild_hunt_chase_p3.w2cutscene|dlc\dlcnewreplacers\data\cutscenes\woman_retarget\124.cs002_wild_hunt_chase_p3.w2cutscene
animations\cutscenes\prologue\q002_emhyr\cs002_wild_hunt_chase\cs002_wild_hunt_chase_p4.w2cutscene|dlc\dlcnewreplacers\data\cutscenes\woman_retarget\125.cs002_wild_hunt_chase_p4.w2cutscene
animations\cutscenes\sex_scenes\sex_after_01.w2cutscene|dlc\dlcnewreplacers\data\cutscenes\woman_retarget\126.sex_after_01.w2cutscene
animations\cutscenes\sex_scenes\sex_after_02.w2cutscene|dlc\dlcnewreplacers\data\cutscenes\woman_retarget\127.sex_after_02.w2cutscene
animations\cutscenes\sex_scenes\sex_after_03.w2cutscene|dlc\dlcnewreplacers\data\cutscenes\woman_retarget\128.sex_after_03.w2cutscene
animations\cutscenes\sex_scenes\sex_after_04.w2cutscene|dlc\dlcnewreplacers\data\cutscenes\woman_retarget\129.sex_after_04.w2cutscene
animations\cutscenes\sex_scenes\sex_after_05.w2cutscene|dlc\dlcnewreplacers\data\cutscenes\woman_retarget\130.sex_after_05.w2cutscene
animations\cutscenes\sex_scenes\sex_do_component.w2cutscene|dlc\dlcnewreplacers\data\cutscenes\woman_retarget\131.sex_do_component.w2cutscene
animations\cutscenes\sex_scenes\sex_do_component_jp.w2cutscene|dlc\dlcnewreplacers\data\cutscenes\woman_retarget\132.sex_do_component_jp.w2cutscene
animations\cutscenes\sex_scenes\sex_pre_01.w2cutscene|dlc\dlcnewreplacers\data\cutscenes\woman_retarget\133.sex_pre_01.w2cutscene
animations\cutscenes\sex_scenes\sex_pre_02.w2cutscene|dlc\dlcnewreplacers\data\cutscenes\woman_retarget\134.sex_pre_02.w2cutscene
animations\cutscenes\sex_scenes\sex_pre_03.w2cutscene|dlc\dlcnewreplacers\data\cutscenes\woman_retarget\135.sex_pre_03.w2cutscene
animations\cutscenes\sex_scenes\sex_pre_04.w2cutscene|dlc\dlcnewreplacers\data\cutscenes\woman_retarget\136.sex_pre_04.w2cutscene
animations\cutscenes\sex_scenes\sex_pre_05.w2cutscene|dlc\dlcnewreplacers\data\cutscenes\woman_retarget\137.sex_pre_05.w2cutscene
animations\cutscenes\skellige\mq2038_shieldmaiden\mq2038_shieldmaiden_sex_after.w2cutscene|dlc\dlcnewreplacers\data\cutscenes\woman_retarget\138.mq2038_shieldmaiden_sex_after.w2cutscene
animations\cutscenes\skellige\mq2038_shieldmaiden\mq2038_shieldmaiden_sex_done.w2cutscene|dlc\dlcnewreplacers\data\cutscenes\woman_retarget\139.mq2038_shieldmaiden_sex_done.w2cutscene
animations\cutscenes\skellige\mq2038_shieldmaiden\mq2038_shieldmaiden_sex_done_jp.w2cutscene|dlc\dlcnewreplacers\data\cutscenes\woman_retarget\140.mq2038_shieldmaiden_sex_done_jp.w2cutscene
animations\cutscenes\skellige\mq2038_shieldmaiden\mq2038_shieldmaiden_sex_pre.w2cutscene|dlc\dlcnewreplacers\data\cutscenes\woman_retarget\141.mq2038_shieldmaiden_sex_pre.w2cutscene
animations\cutscenes\skellige\q201_pirates\cs201_becca_introduced\cs201_becca_introduced.w2cutscene|dlc\dlcnewreplacers\data\cutscenes\woman_retarget\142.cs201_becca_introduced.w2cutscene
animations\cutscenes\skellige\q201_pirates\cs201_behind_tapestry\cs201_behind_tapestry.w2cutscene|dlc\dlcnewreplacers\data\cutscenes\woman_retarget\143.cs201_behind_tapestry.w2cutscene
animations\cutscenes\skellige\q201_pirates\cs201_burial\cs201_burial.w2cutscene|dlc\dlcnewreplacers\data\cutscenes\woman_retarget\144.cs201_burial.w2cutscene
animations\cutscenes\skellige\q201_pirates\cs201_pirates_attack_part1\cs201_pirates_attack_part1.w2cutscene|dlc\dlcnewreplacers\data\cutscenes\woman_retarget\145.cs201_pirates_attack_part1.w2cutscene
animations\cutscenes\skellige\q201_pirates\cs201_pirates_attack_part1\cs201_pirates_attack_part1b.w2cutscene|dlc\dlcnewreplacers\data\cutscenes\woman_retarget\146.cs201_pirates_attack_part1b.w2cutscene
animations\cutscenes\skellige\q201_pirates\cs201_pirates_attack_part2\cs201_pirates_attack_part2.w2cutscene|dlc\dlcnewreplacers\data\cutscenes\woman_retarget\147.cs201_pirates_attack_part2.w2cutscene
animations\cutscenes\skellige\q201_pirates\cs201_sex_with_yennefer\cs201_sex_with_yennefer.w2cutscene|dlc\dlcnewreplacers\data\cutscenes\woman_retarget\148.cs201_sex_with_yennefer.w2cutscene
animations\cutscenes\skellige\q201_pirates\cs201_sex_with_yennefer\cs201_sex_with_yennefer_jp.w2cutscene|dlc\dlcnewreplacers\data\cutscenes\woman_retarget\149.cs201_sex_with_yennefer_jp.w2cutscene
animations\cutscenes\skellige\q201_pirates\cs201_storm\cs201_storm.w2cutscene|dlc\dlcnewreplacers\data\cutscenes\woman_retarget\150.cs201_storm.w2cutscene
animations\cutscenes\skellige\q201_pirates\cs201_storm\cs201_storm_without_crew.w2cutscene|dlc\dlcnewreplacers\data\cutscenes\woman_retarget\151.cs201_storm_without_crew.w2cutscene
animations\cutscenes\skellige\q201_pirates\cs201_storm_wakeup_beach\cs201_storm_wakeup_beach.w2cutscene|dlc\dlcnewreplacers\data\cutscenes\woman_retarget\152.cs201_storm_wakeup_beach.w2cutscene
animations\cutscenes\skellige\q201_pirates\cs201_teleport_back\cs201_teleport_back.w2cutscene|dlc\dlcnewreplacers\data\cutscenes\woman_retarget\153.cs201_teleport_back.w2cutscene
animations\cutscenes\skellige\q202_giant\c202_geralt_n_ragnar_kill_giant\c202_geralt_n_ragnar_kill_giant.w2cutscene|dlc\dlcnewreplacers\data\cutscenes\woman_retarget\154.c202_geralt_n_ragnar_kill_giant.w2cutscene
animations\cutscenes\skellige\q202_giant\c202_ragnar_wakes_giant\c202_ragnar_wakes_giant.w2cutscene|dlc\dlcnewreplacers\data\cutscenes\woman_retarget\155.c202_ragnar_wakes_giant.w2cutscene
animations\cutscenes\skellige\q202_giant\cs202_enter_the_giant\cs202_enter_the_giant.w2cutscene|dlc\dlcnewreplacers\data\cutscenes\woman_retarget\156.cs202_enter_the_giant.w2cutscene
animations\cutscenes\skellige\q202_giant\cs202_enter_troll_cave\cs202_enter_troll_cave.w2cutscene|dlc\dlcnewreplacers\data\cutscenes\woman_retarget\157.cs202_enter_troll_cave.w2cutscene
animations\cutscenes\skellige\q202_giant\cs202_enter_troll_cave\cs202_trollcave_holster_sword.w2cutscene|dlc\dlcnewreplacers\data\cutscenes\woman_retarget\158.cs202_trollcave_holster_sword.w2cutscene
animations\cutscenes\skellige\q202_giant\cs202_geralt_helps_folan_out\cs202_geralt_helps_folan_out.w2cutscene|dlc\dlcnewreplacers\data\cutscenes\woman_retarget\159.cs202_geralt_helps_folan_out.w2cutscene
animations\cutscenes\skellige\q202_giant\cs202_geralt_wakes_giant\cs202_geralt_wakes_giant.w2cutscene|dlc\dlcnewreplacers\data\cutscenes\woman_retarget\160.cs202_geralt_wakes_giant.w2cutscene
animations\cutscenes\skellige\q202_giant\cs202_geralt_wakes_giant\cs202_geralt_wakes_giant_2.w2cutscene|dlc\dlcnewreplacers\data\cutscenes\woman_retarget\161.cs202_geralt_wakes_giant_2.w2cutscene
animations\cutscenes\skellige\q202_giant\cs202_giant_destroy_cage\cs202_giant_destroy_cage.w2cutscene|dlc\dlcnewreplacers\data\cutscenes\woman_retarget\162.cs202_giant_destroy_cage.w2cutscene
animations\cutscenes\skellige\q202_giant\cs202_giant_destroy_cage\cs202_giant_destroy_cage_no_hjalmar.w2cutscene|dlc\dlcnewreplacers\data\cutscenes\woman_retarget\163.cs202_giant_destroy_cage_no_hjalmar.w2cutscene
animations\cutscenes\skellige\q203_him\cs203_udalryk_enters_house\cs203_baby_in_oven.w2cutscene|dlc\dlcnewreplacers\data\cutscenes\woman_retarget\164.cs203_baby_in_oven.w2cutscene
animations\cutscenes\skellige\q203_him\cs203_udalryk_enters_house\cs203_baby_in_oven_choice.w2cutscene|dlc\dlcnewreplacers\data\cutscenes\woman_retarget\165.cs203_baby_in_oven_choice.w2cutscene
animations\cutscenes\skellige\q203_him\cs203_udalryk_enters_house\cs203_give_baby_udalryk.w2cutscene|dlc\dlcnewreplacers\data\cutscenes\woman_retarget\166.cs203_give_baby_udalryk.w2cutscene
animations\cutscenes\skellige\q203_him\cs203_udalryk_enters_house\cs203_him_shows.w2cutscene|dlc\dlcnewreplacers\data\cutscenes\woman_retarget\167.cs203_him_shows.w2cutscene
animations\cutscenes\skellige\q203_him\cs203_udalryk_enters_house\cs203_udalryk_enters_house.w2cutscene|dlc\dlcnewreplacers\data\cutscenes\woman_retarget\168.cs203_udalryk_enters_house.w2cutscene
animations\cutscenes\skellige\q206_berserkers\cs206_berserkers_kill_people\cs206_berserkers_kill_people.w2cutscene|dlc\dlcnewreplacers\data\cutscenes\woman_retarget\169.cs206_berserkers_kill_people.w2cutscene
animations\cutscenes\skellige\q206_berserkers\cs206_riding_out_with_hjalmar\cs206_riding_out_with_hjalmar.w2cutscene|dlc\dlcnewreplacers\data\cutscenes\woman_retarget\170.cs206_riding_out_with_hjalmar.w2cutscene
animations\cutscenes\skellige\q206_berserkers\cs206_ritual_of_berserkers\cs206_ritual_of_berserkers.w2cutscene|dlc\dlcnewreplacers\data\cutscenes\woman_retarget\171.cs206_ritual_of_berserkers.w2cutscene
animations\cutscenes\skellige\q208_heroesmead\cs208_becca_wins\cs208_becca_wins.w2cutscene|dlc\dlcnewreplacers\data\cutscenes\woman_retarget\172.cs208_becca_wins.w2cutscene
animations\cutscenes\skellige\q208_heroesmead\cs208_ragnar_wins\cs208_ragnar_wins.w2cutscene|dlc\dlcnewreplacers\data\cutscenes\woman_retarget\173.cs208_ragnar_wins.w2cutscene
animations\cutscenes\skellige\q210_precanaris\cs210_ciri_destroys_lab\cs210_ciri_destroys_lab.w2cutscene|dlc\dlcnewreplacers\data\cutscenes\woman_retarget\174.cs210_ciri_destroys_lab.w2cutscene
animations\cutscenes\skellige\q210_precanaris\cs210_entering_skellige\cs210_entering_skellige.w2cutscene|dlc\dlcnewreplacers\data\cutscenes\woman_retarget\175.cs210_entering_skellige.w2cutscene
animations\cutscenes\skellige\q210_precanaris\cs210_geralt_gives_lara_necklace\cs210_geralt_gives_lara_necklace.w2cutscene|dlc\dlcnewreplacers\data\cutscenes\woman_retarget\176.cs210_geralt_gives_lara_necklace.w2cutscene
animations\cutscenes\skellige\q210_precanaris\cs210_geralt_refuse_skjall\cs210_geralt_refuse_skjall.w2cutscene|dlc\dlcnewreplacers\data\cutscenes\woman_retarget\177.cs210_geralt_refuse_skjall.w2cutscene
animations\cutscenes\skellige\q210_precanaris\cs210_ship_leaves\cs210_ship_leaves.w2cutscene|dlc\dlcnewreplacers\data\cutscenes\woman_retarget\178.cs210_ship_leaves.w2cutscene
animations\cutscenes\skellige\q210_precanaris\cs210_skjall_funeral_p1\cs210_skjall_funeral_p1.w2cutscene|dlc\dlcnewreplacers\data\cutscenes\woman_retarget\179.cs210_skjall_funeral_p1.w2cutscene
animations\cutscenes\skellige\q210_precanaris\cs210_skjall_funeral_p2\cs210_skjall_funeral_p2.w2cutscene|dlc\dlcnewreplacers\data\cutscenes\woman_retarget\180.cs210_skjall_funeral_p2.w2cutscene
animations\cutscenes\skellige\q210_precanaris\cs210_skjall_funeral_p3\cs210_skjall_funeral_p3.w2cutscene|dlc\dlcnewreplacers\data\cutscenes\woman_retarget\181.cs210_skjall_funeral_p3.w2cutscene
animations\cutscenes\skellige\q501_eredin\cs501_cam_transfer_to_geralt\cs501_cam_transfer_to_geralt.w2cutscene|dlc\dlcnewreplacers\data\cutscenes\woman_retarget\182.cs501_cam_transfer_to_geralt.w2cutscene
animations\cutscenes\skellige\q501_eredin\cs501_crach_dies\cs501_crach_dies.w2cutscene|dlc\dlcnewreplacers\data\cutscenes\woman_retarget\183.cs501_crach_dies.w2cutscene
animations\cutscenes\skellige\q501_eredin\cs501_eredin_dies\cs501_eredin_dies.w2cutscene|dlc\dlcnewreplacers\data\cutscenes\woman_retarget\184.cs501_eredin_dies.w2cutscene
animations\cutscenes\skellige\q501_eredin\cs501_naglfar_arrives\cs501_naglfar_arrives_no_pauses.w2cutscene|dlc\dlcnewreplacers\data\cutscenes\woman_retarget\185.cs501_naglfar_arrives_no_pauses.w2cutscene
animations\cutscenes\skellige\q501_eredin\cs501_naglfar_freezes\cs501_naglfar_freezes.w2cutscene|dlc\dlcnewreplacers\data\cutscenes\woman_retarget\186.cs501_naglfar_freezes.w2cutscene
animations\cutscenes\skellige\q501_eredin\cs501_naglfar_freezes\cs501_naglfar_freezes_b.w2cutscene|dlc\dlcnewreplacers\data\cutscenes\woman_retarget\187.cs501_naglfar_freezes_b.w2cutscene
animations\cutscenes\skellige\q501_eredin\cs501_ram_them\cs501_ram_them.w2cutscene|dlc\dlcnewreplacers\data\cutscenes\woman_retarget\188.cs501_ram_them.w2cutscene
animations\cutscenes\skellige\q501_eredin\cs501_ram_them\cs501_ram_them_p2.w2cutscene|dlc\dlcnewreplacers\data\cutscenes\woman_retarget\189.cs501_ram_them_p2.w2cutscene
animations\cutscenes\skellige\q501_eredin\cs501_underwater_teleport\cs501_underwater_teleport.w2cutscene|dlc\dlcnewreplacers\data\cutscenes\woman_retarget\190.cs501_underwater_teleport.w2cutscene
animations\cutscenes\skellige\q502_avallach\cs502_tower_demolition\cs502_tower_demolition.w2cutscene|dlc\dlcnewreplacers\data\cutscenes\woman_retarget\191.cs502_tower_demolition.w2cutscene
animations\cutscenes\skellige\q502_avallach\cs502_tower_forbid_grave\cs502_tower_forbid_grave.w2cutscene|dlc\dlcnewreplacers\data\cutscenes\woman_retarget\192.cs502_tower_forbid_grave.w2cutscene
animations\cutscenes\skellige\q502_avallach\cs502_tower_lecture\cs502_tower_lecture.w2cutscene|dlc\dlcnewreplacers\data\cutscenes\woman_retarget\193.cs502_tower_lecture.w2cutscene
animations\cutscenes\skellige\q502_avallach\cs502_tower_necklace\cs502_tower_necklace.w2cutscene|dlc\dlcnewreplacers\data\cutscenes\woman_retarget\194.cs502_tower_necklace.w2cutscene
animations\cutscenes\skellige\q502_avallach\cs502_tower_no_money\cs502_tower_no_money.w2cutscene|dlc\dlcnewreplacers\data\cutscenes\woman_retarget\195.cs502_tower_no_money.w2cutscene
animations\cutscenes\skellige\q502_avallach\cs502_tower_shutdown\cs502_tower_shutdown.w2cutscene|dlc\dlcnewreplacers\data\cutscenes\woman_retarget\196.cs502_tower_shutdown.w2cutscene
animations\cutscenes\skellige\q502_avallach\cs502_tower_snowball_fight\cs502_tower_snowball_fight.w2cutscene|dlc\dlcnewreplacers\data\cutscenes\woman_retarget\197.cs502_tower_snowball_fight.w2cutscene
animations\cutscenes\skellige\q502_avallach\cs502_tower_took_money\cs502_tower_took_money.w2cutscene|dlc\dlcnewreplacers\data\cutscenes\woman_retarget\198.cs502_tower_took_money.w2cutscene
animations\cutscenes\skellige\sq204_huldra\cs_sq204_leshy_accepts_offering.w2cutscene|dlc\dlcnewreplacers\data\cutscenes\woman_retarget\199.cs_sq204_leshy_accepts_offering.w2cutscene
animations\cutscenes\skellige\sq204_huldra\cs_sq204_leshy_appears.w2cutscene|dlc\dlcnewreplacers\data\cutscenes\woman_retarget\200.cs_sq204_leshy_appears.w2cutscene
dlc\bob\data\animations\cutscenes\additional\cs_leaving_horse\cs_leaving_horse.w2cutscene|dlc\dlcnewreplacers\data\cutscenes\woman_retarget\201.cs_leaving_horse.w2cutscene
dlc\bob\data\animations\cutscenes\beauclair\q701\cs701_giant_intro\cs701_giant_intro.w2cutscene|dlc\dlcnewreplacers\data\cutscenes\woman_retarget\202.cs701_giant_intro.w2cutscene
dlc\bob\data\animations\cutscenes\beauclair\q702\cs702_regis_cage\cs702_regis_cage.w2cutscene|dlc\dlcnewreplacers\data\cutscenes\woman_retarget\203.cs702_regis_cage.w2cutscene
dlc\bob\data\animations\cutscenes\beauclair\q702\cs702_regis_enters_cage\cs702_regis_enters_cage.w2cutscene|dlc\dlcnewreplacers\data\cutscenes\woman_retarget\204.cs702_regis_enters_cage.w2cutscene
dlc\bob\data\animations\cutscenes\beauclair\q702\cs702_regis_intro\cs702_regis_intro.w2cutscene|dlc\dlcnewreplacers\data\cutscenes\woman_retarget\205.cs702_regis_intro.w2cutscene
dlc\bob\data\animations\cutscenes\beauclair\q702\cs702_wight\cs702_in_the_closet.w2cutscene|dlc\dlcnewreplacers\data\cutscenes\woman_retarget\206.cs702_in_the_closet.w2cutscene
dlc\bob\data\animations\cutscenes\beauclair\q702\cs702_wight\cs702_in_the_closet_choice.w2cutscene|dlc\dlcnewreplacers\data\cutscenes\woman_retarget\207.cs702_in_the_closet_choice.w2cutscene
dlc\bob\data\animations\cutscenes\beauclair\q702\cs702_wight\cs702_spoon_exchange.w2cutscene|dlc\dlcnewreplacers\data\cutscenes\woman_retarget\208.cs702_spoon_exchange.w2cutscene
dlc\bob\data\animations\cutscenes\beauclair\q702\cs702_wight\cs702_wight_attacked.w2cutscene|dlc\dlcnewreplacers\data\cutscenes\woman_retarget\209.cs702_wight_attacked.w2cutscene
dlc\bob\data\animations\cutscenes\beauclair\q702\cs702_wight\cs702_wight_dinner.w2cutscene|dlc\dlcnewreplacers\data\cutscenes\woman_retarget\210.cs702_wight_dinner.w2cutscene
dlc\bob\data\animations\cutscenes\beauclair\q702\cs702_wight\cs702_wight_disenchant.w2cutscene|dlc\dlcnewreplacers\data\cutscenes\woman_retarget\211.cs702_wight_disenchant.w2cutscene
dlc\bob\data\animations\cutscenes\beauclair\q702\cs702_wight\cs702_wight_scared.w2cutscene|dlc\dlcnewreplacers\data\cutscenes\woman_retarget\212.cs702_wight_scared.w2cutscene
dlc\bob\data\animations\cutscenes\beauclair\q703_all_for_one\cs703_00_arrival\cs703_00_arrival.w2cutscene|dlc\dlcnewreplacers\data\cutscenes\woman_retarget\213.cs703_00_arrival.w2cutscene
dlc\bob\data\animations\cutscenes\beauclair\q703_all_for_one\cs703_00_departure\cs703_00_departure.w2cutscene|dlc\dlcnewreplacers\data\cutscenes\woman_retarget\214.cs703_00_departure.w2cutscene
dlc\bob\data\animations\cutscenes\beauclair\q703_all_for_one\cs703_departure_to_dun_tynne\cs703_departure_to_dun_tynne.w2cutscene|dlc\dlcnewreplacers\data\cutscenes\woman_retarget\215.cs703_departure_to_dun_tynne.w2cutscene
dlc\bob\data\animations\cutscenes\beauclair\q703_all_for_one\cs703_finding_syanna\cs703_finding_syanna.w2cutscene|dlc\dlcnewreplacers\data\cutscenes\woman_retarget\216.cs703_finding_syanna.w2cutscene
dlc\bob\data\animations\cutscenes\beauclair\q703_all_for_one\cs703_shooting_dettlaff\cs703_shooting_dettlaff.w2cutscene|dlc\dlcnewreplacers\data\cutscenes\woman_retarget\217.cs703_shooting_dettlaff.w2cutscene
dlc\bob\data\animations\cutscenes\beauclair\q703_all_for_one\cs703_vampires_arrive\cs703_vampires_arrive.w2cutscene|dlc\dlcnewreplacers\data\cutscenes\woman_retarget\218.cs703_vampires_arrive.w2cutscene
dlc\bob\data\animations\cutscenes\beauclair\q703_all_for_one\cs703_wine_exchange\cs703_wine_exchange.w2cutscene|dlc\dlcnewreplacers\data\cutscenes\woman_retarget\219.cs703_wine_exchange.w2cutscene
dlc\bob\data\animations\cutscenes\beauclair\q704_the_truth\cs704_detalff_destroyed\cs704_detalff_destroyed.w2cutscene|dlc\dlcnewreplacers\data\cutscenes\woman_retarget\220.cs704_detalff_destroyed.w2cutscene
dlc\bob\data\animations\cutscenes\beauclair\q704_the_truth\cs704_detlaf_transforms\cs704_detlaf_transforms.w2cutscene|dlc\dlcnewreplacers\data\cutscenes\woman_retarget\221.cs704_detlaf_transforms.w2cutscene
dlc\bob\data\animations\cutscenes\beauclair\q704_the_truth\cs704_diva_feeding\cs704_diva_feeding.w2cutscene|dlc\dlcnewreplacers\data\cutscenes\woman_retarget\222.cs704_diva_feeding.w2cutscene
dlc\bob\data\animations\cutscenes\beauclair\q704_the_truth\cs704_diva_feeding\cs704_diva_feeding_intro.w2cutscene|dlc\dlcnewreplacers\data\cutscenes\woman_retarget\223.cs704_diva_feeding_intro.w2cutscene
dlc\bob\data\animations\cutscenes\beauclair\q704_the_truth\cs704_enter_fairytale\cs704_enter_fairytale.w2cutscene|dlc\dlcnewreplacers\data\cutscenes\woman_retarget\224.cs704_enter_fairytale.w2cutscene
dlc\bob\data\animations\cutscenes\beauclair\q704_the_truth\cs704_enter_fairytale\cs704_enter_fairytale_p2.w2cutscene|dlc\dlcnewreplacers\data\cutscenes\woman_retarget\225.cs704_enter_fairytale_p2.w2cutscene
dlc\bob\data\animations\cutscenes\beauclair\q704_the_truth\cs704_giant_beanstalk\cs704_giant_beanstalk_p1.w2cutscene|dlc\dlcnewreplacers\data\cutscenes\woman_retarget\226.cs704_giant_beanstalk_p1.w2cutscene
dlc\bob\data\animations\cutscenes\beauclair\q704_the_truth\cs704_giant_beanstalk\cs704_giant_beanstalk_p2.w2cutscene|dlc\dlcnewreplacers\data\cutscenes\woman_retarget\227.cs704_giant_beanstalk_p2.w2cutscene
dlc\bob\data\animations\cutscenes\beauclair\q704_the_truth\cs704_original_attacks\cs704_original_attacks.w2cutscene|dlc\dlcnewreplacers\data\cutscenes\woman_retarget\228.cs704_original_attacks.w2cutscene
dlc\bob\data\animations\cutscenes\beauclair\q704_the_truth\cs704_regis_attacks_detlaff\cs704_regis_attacks_detlaff.w2cutscene|dlc\dlcnewreplacers\data\cutscenes\woman_retarget\229.cs704_regis_attacks_detlaff.w2cutscene
dlc\bob\data\animations\cutscenes\beauclair\q704_the_truth\cs704_regis_knockdown\cs704_regis_knockdown.w2cutscene|dlc\dlcnewreplacers\data\cutscenes\woman_retarget\230.cs704_regis_knockdown.w2cutscene
dlc\bob\data\animations\cutscenes\beauclair\q704_the_truth\cs704_sex_with_syanna\cs704_sex_with_syanna.w2cutscene|dlc\dlcnewreplacers\data\cutscenes\woman_retarget\231.cs704_sex_with_syanna.w2cutscene
dlc\bob\data\animations\cutscenes\beauclair\q704_the_truth\cs704_sex_with_syanna\cs704_sex_with_syanna_censored.w2cutscene|dlc\dlcnewreplacers\data\cutscenes\woman_retarget\232.cs704_sex_with_syanna_censored.w2cutscene
dlc\bob\data\animations\cutscenes\beauclair\q704_the_truth\cs704_siege_begins\cs704_siege_begins.w2cutscene|dlc\dlcnewreplacers\data\cutscenes\woman_retarget\233.cs704_siege_begins.w2cutscene
dlc\bob\data\animations\cutscenes\beauclair\q704_the_truth\cs704_sister_dies\cs704_sister_dies.w2cutscene|dlc\dlcnewreplacers\data\cutscenes\woman_retarget\234.cs704_sister_dies.w2cutscene
dlc\bob\data\animations\cutscenes\beauclair\q704_the_truth\cs704_sister_intro\cs704_sister_intro.w2cutscene|dlc\dlcnewreplacers\data\cutscenes\woman_retarget\235.cs704_sister_intro.w2cutscene
dlc\bob\data\animations\cutscenes\beauclair\q704_the_truth\cs704_sister_lives\cs704_sister_lives.w2cutscene|dlc\dlcnewreplacers\data\cutscenes\woman_retarget\236.cs704_sister_lives.w2cutscene
dlc\bob\data\animations\cutscenes\beauclair\q705\cs705_anna_dies\cs705_anna_dies.w2cutscene|dlc\dlcnewreplacers\data\cutscenes\woman_retarget\237.cs705_anna_dies.w2cutscene
dlc\bob\data\animations\cutscenes\beauclair\q705\cs705_award_giving\cs705_award_giving.w2cutscene|dlc\dlcnewreplacers\data\cutscenes\woman_retarget\238.cs705_award_giving.w2cutscene
dlc\bob\data\animations\cutscenes\beauclair\q705\cs705_hug\cs705_hug.w2cutscene|dlc\dlcnewreplacers\data\cutscenes\woman_retarget\239.cs705_hug.w2cutscene
dlc\bob\data\animations\cutscenes\q701_wine_festival\cs701_beast_escapes\cs701_beast_escapes_a.w2cutscene|dlc\dlcnewreplacers\data\cutscenes\woman_retarget\240.cs701_beast_escapes_a.w2cutscene
dlc\bob\data\animations\cutscenes\q701_wine_festival\cs701_beast_escapes\cs701_beast_escapes_b.w2cutscene|dlc\dlcnewreplacers\data\cutscenes\woman_retarget\241.cs701_beast_escapes_b.w2cutscene
dlc\bob\data\animations\cutscenes\q701_wine_festival\cs701_guillaume_vs_sharley\cs701_guillaume_vs_sharley.w2cutscene|dlc\dlcnewreplacers\data\cutscenes\woman_retarget\242.cs701_guillaume_vs_sharley.w2cutscene
dlc\bob\data\animations\cutscenes\q701_wine_festival\cs701_horse\cs701_horse.w2cutscene|dlc\dlcnewreplacers\data\cutscenes\woman_retarget\243.cs701_horse.w2cutscene
dlc\bob\data\animations\cutscenes\q701_wine_festival\q701_leaving_for_toussaint\cs701_leaving_for_toussaint.w2cutscene|dlc\dlcnewreplacers\data\cutscenes\woman_retarget\244.cs701_leaving_for_toussaint.w2cutscene
dlc\bob\data\quests\sidequests\quest_files\sq701_tournament\cutscenes\cs_sq701_tournament_departure.w2cutscene|dlc\dlcnewreplacers\data\cutscenes\woman_retarget\245.cs_sq701_tournament_departure.w2cutscene
dlc\bob\data\quests\sidequests\quest_files\sq701_tournament\cutscenes\cs_sq701_tournament_departure_pond.w2cutscene|dlc\dlcnewreplacers\data\cutscenes\woman_retarget\246.cs_sq701_tournament_departure_pond.w2cutscene
dlc\ep1\data\animations\cutscenes\q601_introduction\cs601_decapitation\cs601_decapitation.w2cutscene|dlc\dlcnewreplacers\data\cutscenes\woman_retarget\247.cs601_decapitation.w2cutscene
dlc\ep1\data\animations\cutscenes\q601_introduction\cs601_frog_intro\cs601_frog_intro.w2cutscene|dlc\dlcnewreplacers\data\cutscenes\woman_retarget\248.cs601_frog_intro.w2cutscene
dlc\ep1\data\animations\cutscenes\q601_introduction\cs601_immortal\cs601_immortal_b.w2cutscene|dlc\dlcnewreplacers\data\cutscenes\woman_retarget\249.cs601_immortal_b.w2cutscene
dlc\ep1\data\animations\cutscenes\q601_introduction\cs601_killing_the_frog\cs601_killing_the_frog.w2cutscene|dlc\dlcnewreplacers\data\cutscenes\woman_retarget\250.cs601_killing_the_frog.w2cutscene
dlc\ep1\data\animations\cutscenes\q601_introduction\cs601_storm\cs601_storm.w2cutscene|dlc\dlcnewreplacers\data\cutscenes\woman_retarget\251.cs601_storm.w2cutscene
dlc\ep1\data\animations\cutscenes\q601_introduction\cs601_storm\cs601_storm_p2.w2cutscene|dlc\dlcnewreplacers\data\cutscenes\woman_retarget\252.cs601_storm_p2.w2cutscene
dlc\ep1\data\animations\cutscenes\q602_wedding\cs602_ceremony\cs602_ceremony.w2cutscene|dlc\dlcnewreplacers\data\cutscenes\woman_retarget\253.cs602_ceremony.w2cutscene
dlc\ep1\data\animations\cutscenes\q602_wedding\cs602_dance\cs602_dance.w2cutscene|dlc\dlcnewreplacers\data\cutscenes\woman_retarget\254.cs602_dance.w2cutscene
dlc\ep1\data\animations\cutscenes\q602_wedding\cs602_sex_with_shani\cs602_sex_with_shani_boat.w2cutscene|dlc\dlcnewreplacers\data\cutscenes\woman_retarget\255.cs602_sex_with_shani_boat.w2cutscene
dlc\ep1\data\animations\cutscenes\q602_wedding\cs602_sex_with_shani\cs602_sex_with_shani_boat_censored.w2cutscene|dlc\dlcnewreplacers\data\cutscenes\woman_retarget\256.cs602_sex_with_shani_boat_censored.w2cutscene
dlc\ep1\data\animations\cutscenes\q602_wedding\cs602_sex_with_shani\cs602_sex_with_shani_drunk.w2cutscene|dlc\dlcnewreplacers\data\cutscenes\woman_retarget\257.cs602_sex_with_shani_drunk.w2cutscene
dlc\ep1\data\animations\cutscenes\q602_wedding\cs602_sex_with_shani\cs602_sex_with_shani_intro.w2cutscene|dlc\dlcnewreplacers\data\cutscenes\woman_retarget\258.cs602_sex_with_shani_intro.w2cutscene
dlc\ep1\data\animations\cutscenes\q602_wedding\cs602_sex_with_shani\cs602_sex_with_shani_no_puke.w2cutscene|dlc\dlcnewreplacers\data\cutscenes\woman_retarget\259.cs602_sex_with_shani_no_puke.w2cutscene
dlc\ep1\data\animations\cutscenes\q602_wedding\cs602_sex_with_shani\cs602_sex_with_shani_no_puke_censored.w2cutscene|dlc\dlcnewreplacers\data\cutscenes\woman_retarget\260.cs602_sex_with_shani_no_puke_censored.w2cutscene
dlc\ep1\data\animations\cutscenes\q602_wedding\cs602_sex_with_shani\cs602_sex_with_shani_puke.w2cutscene|dlc\dlcnewreplacers\data\cutscenes\woman_retarget\261.cs602_sex_with_shani_puke.w2cutscene
dlc\ep1\data\animations\cutscenes\q602_wedding\cs602_sex_with_shani\cs602_sex_with_shani_sober.w2cutscene|dlc\dlcnewreplacers\data\cutscenes\woman_retarget\262.cs602_sex_with_shani_sober.w2cutscene
dlc\ep1\data\animations\cutscenes\q603_bank\cs603_breaking_in\cs603_breaking_in.w2cutscene|dlc\dlcnewreplacers\data\cutscenes\woman_retarget\263.cs603_breaking_in.w2cutscene
dlc\ep1\data\animations\cutscenes\q603_bank\cs603_breaking_in\cs603_breaking_in_dwarf.w2cutscene|dlc\dlcnewreplacers\data\cutscenes\woman_retarget\264.cs603_breaking_in_dwarf.w2cutscene
dlc\ep1\data\animations\cutscenes\q603_bank\cs603_ewald_dies\cs603_ewald_dies.w2cutscene|dlc\dlcnewreplacers\data\cutscenes\woman_retarget\265.cs603_ewald_dies.w2cutscene
dlc\ep1\data\animations\cutscenes\q603_bank\cs603_horst_dies\cs603_horst_dies.w2cutscene|dlc\dlcnewreplacers\data\cutscenes\woman_retarget\266.cs603_horst_dies.w2cutscene
dlc\ep1\data\animations\cutscenes\q603_bank\cs603_horst_dies\cs603_horst_dies_quinto.w2cutscene|dlc\dlcnewreplacers\data\cutscenes\woman_retarget\267.cs603_horst_dies_quinto.w2cutscene
dlc\ep1\data\animations\cutscenes\q603_bank\cs603_vault_closes\cs603_vault_closes.w2cutscene|dlc\dlcnewreplacers\data\cutscenes\woman_retarget\268.cs603_vault_closes.w2cutscene
dlc\ep1\data\animations\cutscenes\q604_mansion\cs604_exit_the_painting\cs604_exit_the_painting.w2cutscene|dlc\dlcnewreplacers\data\cutscenes\woman_retarget\269.cs604_exit_the_painting.w2cutscene
dlc\ep1\data\animations\cutscenes\q604_mansion\cs604_unmasking\cs604_unmasking.w2cutscene|dlc\dlcnewreplacers\data\cutscenes\woman_retarget\270.cs604_unmasking.w2cutscene
dlc\ep1\data\animations\cutscenes\q604_mansion\cs604_unmasking\cs604_unmasking_pt2.w2cutscene|dlc\dlcnewreplacers\data\cutscenes\woman_retarget\271.cs604_unmasking_pt2.w2cutscene
dlc\ep1\data\animations\cutscenes\q605_finale\cs605_geralt_loses\cs605_geralt_loses.w2cutscene|dlc\dlcnewreplacers\data\cutscenes\woman_retarget\272.cs605_geralt_loses.w2cutscene
dlc\ep1\data\animations\cutscenes\q605_finale\cs605_merchant_loses\cs605_merchant_loses.w2cutscene|dlc\dlcnewreplacers\data\cutscenes\woman_retarget\273.cs605_merchant_loses.w2cutscene
dlc\ep1\data\animations\cutscenes\q605_finale\cs605_merchant_skull\cs605_merchant_skull_cz.w2cutscene|dlc\dlcnewreplacers\data\cutscenes\woman_retarget\274.cs605_merchant_skull_cz.w2cutscene
dlc\ep1\data\animations\cutscenes\q605_finale\cs605_merchant_skull\cs605_merchant_skull_en.w2cutscene|dlc\dlcnewreplacers\data\cutscenes\woman_retarget\275.cs605_merchant_skull_en.w2cutscene
dlc\ep1\data\animations\cutscenes\q605_finale\cs605_merchant_skull\cs605_merchant_skull_pl.w2cutscene|dlc\dlcnewreplacers\data\cutscenes\woman_retarget\276.cs605_merchant_skull_pl.w2cutscene
dlc\ep1\data\animations\cutscenes\q605_finale\cs605_merchant_skull\cs605_merchant_skull_ru.w2cutscene|dlc\dlcnewreplacers\data\cutscenes\woman_retarget\277.cs605_merchant_skull_ru.w2cutscene
dlc\ep1\data\animations\cutscenes\q605_finale\cs605_merchant_skull\cs605_merchant_skull_zh.w2cutscene|dlc\dlcnewreplacers\data\cutscenes\woman_retarget\278.cs605_merchant_skull_zh.w2cutscene
dlc\ep1\data\animations\cutscenes\q605_finale\cs605_olgierd_dies\cs605_olgierd_dies_choice.w2cutscene|dlc\dlcnewreplacers\data\cutscenes\woman_retarget\279.cs605_olgierd_dies_choice.w2cutscene
dlc\ep1\data\animations\cutscenes\q605_finale\cs605_olgierd_dies\cs605_olgierd_dies_pt1.w2cutscene|dlc\dlcnewreplacers\data\cutscenes\woman_retarget\280.cs605_olgierd_dies_pt1.w2cutscene
dlc\ep1\data\animations\cutscenes\q605_finale\cs605_olgierd_dies\cs605_olgierd_dies_pt2.w2cutscene|dlc\dlcnewreplacers\data\cutscenes\woman_retarget\281.cs605_olgierd_dies_pt2.w2cutscene
dlc\ep1\data\animations\cutscenes\q605_finale\cs605_professor_dies\cs605_professor_dies_pt1.w2cutscene|dlc\dlcnewreplacers\data\cutscenes\woman_retarget\282.cs605_professor_dies_pt1.w2cutscene
dlc\ep1\data\animations\cutscenes\q605_finale\cs605_professor_dies\cs605_professor_dies_pt2.w2cutscene|dlc\dlcnewreplacers\data\cutscenes\woman_retarget\283.cs605_professor_dies_pt2.w2cutscene
dlc\ep1\data\animations\cutscenes\q605_finale\cs605_shani_illusion\cs605_shani_illusion.w2cutscene|dlc\dlcnewreplacers\data\cutscenes\woman_retarget\284.cs605_shani_illusion.w2cutscene
