dlc\dlchubtest\data\scenes\1.examine.corpse.w2scene|dlc\dlcnewreplacers\data\scenes\female_patched_mods\1.1.examine.corpse.w2scene
dlc\dlchubtest\data\scenes\2.island.enter.w2scene|dlc\dlcnewreplacers\data\scenes\female_patched_mods\2.2.island.enter.w2scene
dlc\dlcntr\data\scenes\01.intro_hag.w2scene|dlc\dlcnewreplacers\data\scenes\female_patched_mods\3.01.intro_hag.w2scene
dlc\dlcntr\data\scenes\02.intro_hag_runs.w2scene|dlc\dlcnewreplacers\data\scenes\female_patched_mods\4.02.intro_hag_runs.w2scene
dlc\dlcntr\data\scenes\03.geralt_oneliners.w2scene|dlc\dlcnewreplacers\data\scenes\female_patched_mods\5.03.geralt_oneliners.w2scene
dlc\dlcntr\data\scenes\04.triss_appear.w2scene|dlc\dlcnewreplacers\data\scenes\female_patched_mods\6.04.triss_appear.w2scene
dlc\dlcntr\data\scenes\05.triss_to_monster.w2scene|dlc\dlcnewreplacers\data\scenes\female_patched_mods\7.05.triss_to_monster.w2scene
dlc\dlcntr\data\scenes\09.triss_final.w2scene|dlc\dlcnewreplacers\data\scenes\female_patched_mods\8.09.triss_final.w2scene
dlc\dlcntr\data\scenes\10.regis_owl_arrive.w2scene|dlc\dlcnewreplacers\data\scenes\female_patched_mods\9.10.regis_owl_arrive.w2scene
dlc\dlcntr\data\scenes\11.orphanage.w2scene|dlc\dlcnewreplacers\data\scenes\female_patched_mods\10.11.orphanage.w2scene
dlc\dlcntr\data\scenes\12.fistfight_loose.w2scene|dlc\dlcnewreplacers\data\scenes\female_patched_mods\11.12.fistfight_loose.w2scene
dlc\dlcntr\data\scenes\13.gameplay_orphanage.w2scene|dlc\dlcnewreplacers\data\scenes\female_patched_mods\12.13.gameplay_orphanage.w2scene
dlc\dlcntr\data\scenes\14.fistfight_win.w2scene|dlc\dlcnewreplacers\data\scenes\female_patched_mods\13.14.fistfight_win.w2scene
dlc\dlcntr\data\scenes\15.fistfight_repeat.w2scene|dlc\dlcnewreplacers\data\scenes\female_patched_mods\14.15.fistfight_repeat.w2scene
dlc\dlcntr\data\scenes\16.baron_meeting.w2scene|dlc\dlcnewreplacers\data\scenes\female_patched_mods\15.16.baron_meeting.w2scene
dlc\dlcntr\data\scenes\17.baron_oneliners.w2scene|dlc\dlcnewreplacers\data\scenes\female_patched_mods\16.17.baron_oneliners.w2scene
dlc\dlcntr\data\scenes\17_2.town_oneliners.w2scene|dlc\dlcnewreplacers\data\scenes\female_patched_mods\17.17_2.town_oneliners.w2scene
dlc\dlcntr\data\scenes\18.fisherman.w2scene|dlc\dlcnewreplacers\data\scenes\female_patched_mods\18.18.fisherman.w2scene
dlc\dlcntr\data\scenes\20.orianna_main.w2scene|dlc\dlcnewreplacers\data\scenes\female_patched_mods\19.20.orianna_main.w2scene
dlc\dlcntr\data\scenes\21.orianna_to_bruxa.w2scene|dlc\dlcnewreplacers\data\scenes\female_patched_mods\20.21.orianna_to_bruxa.w2scene
dlc\dlcntr\data\scenes\24.baron_river_friendly.w2scene|dlc\dlcnewreplacers\data\scenes\female_patched_mods\21.24.baron_river_friendly.w2scene
dlc\dlcntr\data\scenes\25.baron_dies_long.w2scene|dlc\dlcnewreplacers\data\scenes\female_patched_mods\22.25.baron_dies_long.w2scene
dlc\dlcntr\data\scenes\25b.baron_dies_long_with_ori.w2scene|dlc\dlcnewreplacers\data\scenes\female_patched_mods\23.25b.baron_dies_long_with_ori.w2scene
dlc\dlcntr\data\scenes\26.baron_river_aggressive.w2scene|dlc\dlcnewreplacers\data\scenes\female_patched_mods\24.26.baron_river_aggressive.w2scene
dlc\dlcntr\data\scenes\27.baron_dies_short.w2scene|dlc\dlcnewreplacers\data\scenes\female_patched_mods\25.27.baron_dies_short.w2scene
dlc\dlcntr\data\scenes\28.orianna_farewell.w2scene|dlc\dlcnewreplacers\data\scenes\female_patched_mods\26.28.orianna_farewell.w2scene
dlc\dlcntr\data\scenes\30.children_corvo_byanko.w2scene|dlc\dlcnewreplacers\data\scenes\female_patched_mods\27.30.children_corvo_byanko.w2scene
dlc\dlcntr\data\scenes\31.ntr_completed.w2scene|dlc\dlcnewreplacers\data\scenes\female_patched_mods\28.31.ntr_completed.w2scene
dlc\dlcntr\data\scenes\33.orianna_diary.w2scene|dlc\dlcnewreplacers\data\scenes\female_patched_mods\29.33.orianna_diary.w2scene
dlc\dlcqueststrangephenomenon\data\scenes\badend.w2scene|dlc\dlcnewreplacers\data\scenes\female_patched_mods\30.badend.w2scene
dlc\dlcqueststrangephenomenon\data\scenes\begin.monolog.w2scene|dlc\dlcnewreplacers\data\scenes\female_patched_mods\31.begin.monolog.w2scene
dlc\dlcqueststrangephenomenon\data\scenes\begin2.w2scene|dlc\dlcnewreplacers\data\scenes\female_patched_mods\32.begin2.w2scene
dlc\dlcqueststrangephenomenon\data\scenes\blood.dyn.w2scene|dlc\dlcnewreplacers\data\scenes\female_patched_mods\33.blood.dyn.w2scene
dlc\dlcqueststrangephenomenon\data\scenes\bootprints.monolog.enemies.w2scene|dlc\dlcnewreplacers\data\scenes\female_patched_mods\34.bootprints.monolog.enemies.w2scene
dlc\dlcqueststrangephenomenon\data\scenes\bootprints.monolog.w2scene|dlc\dlcnewreplacers\data\scenes\female_patched_mods\35.bootprints.monolog.w2scene
dlc\dlcqueststrangephenomenon\data\scenes\camp.w2scene|dlc\dlcnewreplacers\data\scenes\female_patched_mods\36.camp.w2scene
dlc\dlcqueststrangephenomenon\data\scenes\find.ciri.monolog.w2scene|dlc\dlcnewreplacers\data\scenes\female_patched_mods\37.find.ciri.monolog.w2scene
dlc\dlcqueststrangephenomenon\data\scenes\goodend.w2scene|dlc\dlcnewreplacers\data\scenes\female_patched_mods\38.goodend.w2scene
dlc\dlcqueststrangephenomenon\data\scenes\les.dynamic.w2scene|dlc\dlcnewreplacers\data\scenes\female_patched_mods\39.les.dynamic.w2scene
dlc\dlcqueststrangephenomenon\data\scenes\les.w2scene|dlc\dlcnewreplacers\data\scenes\female_patched_mods\40.les.w2scene
dlc\dlcqueststrangephenomenon\data\scenes\nobadend.w2scene|dlc\dlcnewreplacers\data\scenes\female_patched_mods\41.nobadend.w2scene
dlc\dlcqueststrangephenomenon\data\scenes\sphere.w2scene|dlc\dlcnewreplacers\data\scenes\female_patched_mods\42.sphere.w2scene
dlc\dlcqueststrangephenomenon\data\scenes\sphere0.monolog.w2scene|dlc\dlcnewreplacers\data\scenes\female_patched_mods\43.sphere0.monolog.w2scene
dlc\dlcqueststrangephenomenon\data\scenes\sphere1.monolog.w2scene|dlc\dlcnewreplacers\data\scenes\female_patched_mods\44.sphere1.monolog.w2scene
dlc\dlcqueststrangephenomenon\data\scenes\trio.w2scene|dlc\dlcnewreplacers\data\scenes\female_patched_mods\45.trio.w2scene
dlc\dlcsolememento\data\scenes\1.dialog_dandelion.w2scene|dlc\dlcnewreplacers\data\scenes\female_patched_mods\46.1.dialog_dandelion.w2scene
dlc\dlcsolememento\data\scenes\1.dialog_dandelion_a.w2scene|dlc\dlcnewreplacers\data\scenes\female_patched_mods\47.1.dialog_dandelion_a.w2scene
dlc\dlcsolememento\data\scenes\2.2_ciri_alone_ending.w2scene|dlc\dlcnewreplacers\data\scenes\female_patched_mods\48.2.2_ciri_alone_ending.w2scene
dlc\dlcsolememento\data\scenes\2.2_ciri_village_together.w2scene|dlc\dlcnewreplacers\data\scenes\female_patched_mods\49.2.2_ciri_village_together.w2scene
dlc\dlcsolememento\data\scenes\2.3_ciri_tavern_together.w2scene|dlc\dlcnewreplacers\data\scenes\female_patched_mods\50.2.3_ciri_tavern_together.w2scene
dlc\dlcsolememento\data\scenes\2.4_ciri_examine_corpse_together.w2scene|dlc\dlcnewreplacers\data\scenes\female_patched_mods\51.2.4_ciri_examine_corpse_together.w2scene
dlc\dlcsolememento\data\scenes\2.5_ciri_werewolf_dialog_together.w2scene|dlc\dlcnewreplacers\data\scenes\female_patched_mods\52.2.5_ciri_werewolf_dialog_together.w2scene
dlc\dlcsolememento\data\scenes\2.6_ciri_exit_cave_together.w2scene|dlc\dlcnewreplacers\data\scenes\female_patched_mods\53.2.6_ciri_exit_cave_together.w2scene
dlc\dlcsolememento\data\scenes\2.7_ciri_geralt_find_clothes_together.w2scene|dlc\dlcnewreplacers\data\scenes\female_patched_mods\54.2.7_ciri_geralt_find_clothes_together.w2scene
dlc\dlcsolememento\data\scenes\2.8.1_ciri_geralt_find_camp_together.w2scene|dlc\dlcnewreplacers\data\scenes\female_patched_mods\55.2.8.1_ciri_geralt_find_camp_together.w2scene
dlc\dlcsolememento\data\scenes\2.8.2_ciri_geralt_find_camp_together.w2scene|dlc\dlcnewreplacers\data\scenes\female_patched_mods\56.2.8.2_ciri_geralt_find_camp_together.w2scene
dlc\dlcsolememento\data\scenes\2.9_ciri_geralt_camp_day.w2scene|dlc\dlcnewreplacers\data\scenes\female_patched_mods\57.2.9_ciri_geralt_camp_day.w2scene
dlc\dlcsolememento\data\scenes\2.9_ciri_geralt_camp_night.w2scene|dlc\dlcnewreplacers\data\scenes\female_patched_mods\58.2.9_ciri_geralt_camp_night.w2scene
dlc\dlcsolememento\data\scenes\2.dialog_ciri.w2scene|dlc\dlcnewreplacers\data\scenes\female_patched_mods\59.2.dialog_ciri.w2scene
dlc\dlcsolememento\data\scenes\2.dialog_ciri_interaction.w2scene|dlc\dlcnewreplacers\data\scenes\female_patched_mods\60.2.dialog_ciri_interaction.w2scene
dlc\dlcsolememento\data\scenes\3.dialog_witch.w2scene|dlc\dlcnewreplacers\data\scenes\female_patched_mods\61.3.dialog_witch.w2scene
dlc\dlcsolememento\data\scenes\4.fiend.w2scene|dlc\dlcnewreplacers\data\scenes\female_patched_mods\62.4.fiend.w2scene
dlc\dlcsolememento\data\scenes\8.epilogue.w2scene|dlc\dlcnewreplacers\data\scenes\female_patched_mods\63.8.epilogue.w2scene
dlc\dlcsolememento\data\scenes\dialog_ciri_follower.w2scene|dlc\dlcnewreplacers\data\scenes\female_patched_mods\64.dialog_ciri_follower.w2scene
dlc\dlcsolememento\data\scenes\fight_geralt_die.w2scene|dlc\dlcnewreplacers\data\scenes\female_patched_mods\65.fight_geralt_die.w2scene
dlc\dlcsolememento\data\scenes\sc.w2scene|dlc\dlcnewreplacers\data\scenes\female_patched_mods\66.sc.w2scene
dlc\dlcsted\data\scenes\1.at_the_crossroads.w2scene|dlc\dlcnewreplacers\data\scenes\female_patched_mods\67.1.at_the_crossroads.w2scene
dlc\dlcsted\data\scenes\21.mirror_final_ciri.w2scene|dlc\dlcnewreplacers\data\scenes\female_patched_mods\68.21.mirror_final_ciri.w2scene
dlc\dlcsted\data\scenes\22.final_ciri_yes.w2scene|dlc\dlcnewreplacers\data\scenes\female_patched_mods\69.22.final_ciri_yes.w2scene
dlc\dlcsted\data\scenes\23.final_ciri_no.w2scene|dlc\dlcnewreplacers\data\scenes\female_patched_mods\70.23.final_ciri_no.w2scene
dlc\dlcsted\data\scenes\3.at_the_grave.w2scene|dlc\dlcnewreplacers\data\scenes\female_patched_mods\71.3.at_the_grave.w2scene
dlc\dlcsted\data\scenes\5.mirror_meet.w2scene|dlc\dlcnewreplacers\data\scenes\female_patched_mods\72.5.mirror_meet.w2scene
dlc\dlcsted\data\scenes\58.yen_dors.w2scene|dlc\dlcnewreplacers\data\scenes\female_patched_mods\73.58.yen_dors.w2scene
dlc\dlcsted\data\scenes\59.go_to_yen.w2scene|dlc\dlcnewreplacers\data\scenes\female_patched_mods\74.59.go_to_yen.w2scene
dlc\dlcsted\data\scenes\6.ask_yen.w2scene|dlc\dlcnewreplacers\data\scenes\female_patched_mods\75.6.ask_yen.w2scene
dlc\dlcsted\data\scenes\67.yen_partie.w2scene|dlc\dlcnewreplacers\data\scenes\female_patched_mods\76.67.yen_partie.w2scene
dlc\dlcsted\data\scenes\68.novigrad_night.w2scene|dlc\dlcnewreplacers\data\scenes\female_patched_mods\77.68.novigrad_night.w2scene
dlc\dlcsted\data\scenes\69.novigrad_day.w2scene|dlc\dlcnewreplacers\data\scenes\female_patched_mods\78.69.novigrad_day.w2scene
dlc\dlcsted\data\scenes\7.agloval_sheenaz.w2scene|dlc\dlcnewreplacers\data\scenes\female_patched_mods\79.7.agloval_sheenaz.w2scene
dlc\dlcsted\data\scenes\77.epilogue_yen.w2scene|dlc\dlcnewreplacers\data\scenes\female_patched_mods\80.77.epilogue_yen.w2scene
dlc\dlcsted\data\scenes\79.return_to_yen.w2scene|dlc\dlcnewreplacers\data\scenes\female_patched_mods\81.79.return_to_yen.w2scene
dlc\dlcsted\data\scenes\8.ciri_and_yen.w2scene|dlc\dlcnewreplacers\data\scenes\female_patched_mods\82.8.ciri_and_yen.w2scene
dlc\dlcsted\data\scenes\9.ciri_grave.w2scene|dlc\dlcnewreplacers\data\scenes\female_patched_mods\83.9.ciri_grave.w2scene
dlc\dlcthreesisters\data\scenes\2_dialog_with_mavrick_1.w2scene|dlc\dlcnewreplacers\data\scenes\female_patched_mods\84.2_dialog_with_mavrick_1.w2scene
dlc\dlcthreesisters\data\scenes\3_dialog_with_liva.w2scene|dlc\dlcnewreplacers\data\scenes\female_patched_mods\85.3_dialog_with_liva.w2scene
dlc\dlcthreesisters\data\scenes\4_candle_monolog.w2scene|dlc\dlcnewreplacers\data\scenes\female_patched_mods\86.4_candle_monolog.w2scene
dlc\dlcthreesisters\data\scenes\4_found_graves.w2scene|dlc\dlcnewreplacers\data\scenes\female_patched_mods\87.4_found_graves.w2scene
dlc\dlcthreesisters\data\scenes\5_dialog_with_wraith_1.w2scene|dlc\dlcnewreplacers\data\scenes\female_patched_mods\88.5_dialog_with_wraith_1.w2scene
dlc\dlcthreesisters\data\scenes\6_dialog_with_mavrick_2.w2scene|dlc\dlcnewreplacers\data\scenes\female_patched_mods\89.6_dialog_with_mavrick_2.w2scene
dlc\dlcthreesisters\data\scenes\7_dialog_with_mavrick_3_kill_wraith_alone.w2scene|dlc\dlcnewreplacers\data\scenes\female_patched_mods\90.7_dialog_with_mavrick_3_kill_wraith_alone.w2scene
dlc\dlcthreesisters\data\scenes\7_dialog_with_mavrick_wraith_geralt.w2scene|dlc\dlcnewreplacers\data\scenes\female_patched_mods\91.7_dialog_with_mavrick_wraith_geralt.w2scene
dlc\dlcthreesisters\data\scenes\7_dialog_with_wraith_get_fooled.w2scene|dlc\dlcnewreplacers\data\scenes\female_patched_mods\92.7_dialog_with_wraith_get_fooled.w2scene
dlc\dlcthreesisters\data\scenes\8_aftermath.w2scene|dlc\dlcnewreplacers\data\scenes\female_patched_mods\93.8_aftermath.w2scene
